GroundTruth,Pred_90_Run_1,Pred_90_Run_2,Pred_90_Run_3,Pred_90_Run_4,Pred_90_Run_5
1406.692,1679.8555,1679.3591,1316.3558,1579.8297,1376.7032
2327.51,1690.6108,1685.094,1319.1007,1563.8254,1367.5833
1913.496,1702.4193,1690.401,1324.1223,1566.9683,1361.2568
1939.994,1683.585,1672.7108,1325.813,1558.833,1361.6222
1604.0,1695.1492,1678.6289,1329.4852,1569.074,1361.6853
1689.862,1696.5948,1676.3192,1331.7968,1568.3136,1361.3676
2080.272,1694.475,1672.9929,1332.8672,1566.0795,1362.5319
1633.27,1696.2438,1672.148,1332.9548,1568.4375,1365.5583
1788.702,1691.509,1666.8009,1334.125,1564.9595,1366.9268
2102.948,1691.9047,1664.6871,1336.9219,1565.9719,1370.1096
1975.988,1690.8081,1660.8418,1336.3984,1563.1438,1371.8217
1589.278,1688.9933,1657.0194,1337.2311,1563.1823,1373.0175
2182.6,1684.3326,1652.8091,1338.1174,1560.3462,1373.1167
1776.282,1682.0992,1651.2595,1339.4288,1561.3857,1375.2756
1564.068,1678.7623,1648.4064,1340.8477,1560.6218,1377.9789
2766.554,1672.6732,1643.6118,1341.4025,1557.8022,1379.681
3317.82,1670.6649,1641.161,1341.7959,1559.0964,1382.3655
3154.194,1667.8105,1640.0948,1341.2866,1558.852,1384.5991
1699.866,1665.0284,1638.3422,1341.6006,1558.9835,1387.8359
1738.028,1660.158,1634.8599,1341.911,1557.4231,1390.3173
1739.434,1654.3162,1630.9603,1341.7383,1554.9818,1392.398
1237.356,1649.6692,1627.8876,1341.3436,1553.1805,1394.7783
1910.536,1642.4779,1623.6047,1341.7162,1548.8616,1397.0057
2200.77,1638.3363,1620.5529,1342.7957,1545.8228,1400.4916
2843.664,1634.3275,1616.2025,1342.7388,1543.6267,1403.3901
1674.472,1630.9755,1612.3025,1344.3953,1541.7413,1406.5319
1425.03,1626.0178,1607.2546,1346.2831,1540.2944,1409.3097
2721.734,1620.5458,1602.1941,1348.028,1538.7092,1412.0176
1573.698,1617.8047,1598.5405,1349.795,1537.2666,1415.4596
2059.038,1613.4985,1593.8286,1351.7227,1535.9156,1418.452
3312.852,1609.8125,1589.6997,1354.4657,1534.8202,1422.2634
1807.46,1606.6803,1584.0823,1357.3105,1533.3418,1425.3281
1603.3,1603.0824,1578.8646,1360.2563,1532.1641,1428.0565
1868.39,1597.7764,1573.1945,1362.2612,1530.7119,1430.503
2460.924,1593.1729,1568.0043,1363.9518,1532.8297,1439.7233
1649.088,1590.3402,1562.8585,1365.6788,1534.8585,1448.8214
2048.396,1585.6838,1557.5425,1367.2736,1536.5312,1456.5427
3131.536,1582.5165,1553.7711,1369.3196,1538.6918,1465.5968
2182.866,1579.6611,1549.8636,1371.3512,1540.1567,1475.5162
1706.638,1575.9558,1544.7502,1372.7953,1541.5427,1483.2424
1943.822,1572.7079,1540.6766,1374.4214,1543.1061,1490.6194
2639.39,1569.1509,1536.9022,1375.9495,1544.5476,1497.4868
1968.66,1559.7139,1530.3915,1377.1926,1542.4948,1502.2192
1690.022,1549.4572,1524.3036,1378.6697,1540.2777,1505.9242
2332.594,1539.6763,1518.6846,1380.1677,1538.2759,1509.7131
1586.032,1531.2191,1513.4594,1381.3602,1536.1167,1513.244
1318.994,1523.223,1508.6277,1383.2373,1534.4872,1517.029
781.698,1514.5863,1503.6637,1384.5153,1532.5366,1519.3936
826.45,1503.4639,1498.4675,1384.8413,1530.8108,1519.3441
737.268,1492.6187,1493.4753,1385.0184,1529.3851,1519.0792
1880.736,1483.0996,1488.6683,1385.4296,1528.0416,1519.3455
1316.184,1476.7092,1484.8088,1386.7135,1526.6616,1522.645
2238.478,1470.5573,1480.8275,1388.1996,1524.9618,1522.5244
2733.656,1464.7423,1473.1525,1388.8026,1523.1173,1522.0831
1783.144,1459.2517,1465.8402,1389.1621,1521.3629,1521.532
1169.844,1452.9443,1458.3303,1389.6039,1519.4006,1520.3323
1156.852,1446.046,1450.8807,1389.9324,1517.4623,1518.6205
2028.918,1440.0338,1443.786,1390.2117,1515.3336,1516.1482
1630.75,1435.6299,1437.1785,1390.5421,1513.4556,1513.6659
2467.626,1431.4408,1430.812,1390.4634,1511.2225,1510.6234
1477.442,1427.7659,1425.812,1390.3651,1509.4525,1506.952
1848.952,1423.5931,1421.0111,1390.1027,1508.0006,1502.7764
1842.13,1419.6578,1416.5198,1389.7367,1506.4521,1498.4703
1441.812,1416.5029,1412.5164,1389.2024,1504.8953,1494.1235
1783.474,1412.883,1408.2888,1388.6116,1503.305,1489.1276
1696.466,1410.0706,1404.366,1387.971,1501.6089,1484.1426
2357.166,1407.3186,1400.6793,1387.2168,1499.8071,1478.8931
1685.556,1404.466,1397.196,1386.2191,1498.6165,1473.2955
1836.21,1401.7876,1393.9645,1385.116,1497.5149,1467.478
2405.904,1398.9156,1391.0858,1383.8391,1496.451,1461.5243
1887.26,1397.3704,1388.527,1382.2451,1495.167,1455.6614
1445.52,1395.0255,1385.9917,1380.9211,1493.8912,1449.5309
2149.028,1392.7692,1383.4501,1379.5532,1492.6171,1443.0195
1942.062,1390.9773,1381.0961,1378.1757,1491.0632,1436.6472
1334.732,1389.753,1379.0643,1376.4664,1489.3582,1429.9092
1931.91,1387.6188,1377.0052,1374.6765,1487.7181,1423.0842
1450.68,1386.1372,1375.2695,1372.7416,1485.9438,1416.474
1191.532,1383.6976,1373.7656,1370.8815,1484.3174,1409.7877
1463.906,1380.9912,1372.4933,1368.9994,1482.761,1402.894
1930.022,1379.3948,1371.3947,1367.31,1481.0449,1396.1255
1689.17,1378.5907,1370.3127,1365.6575,1479.1947,1389.7655
1296.45,1377.9694,1369.6825,1363.834,1477.381,1383.2853
1661.712,1377.1274,1369.0376,1362.0287,1475.4196,1377.0168
1838.774,1376.3365,1368.3074,1360.1448,1473.4478,1371.0519
1211.004,1375.7561,1367.7096,1358.2483,1471.477,1365.2766
1713.926,1374.4498,1367.0592,1356.258,1469.3551,1359.6746
2260.976,1372.9753,1366.6399,1354.7965,1469.6412,1354.898
2216.65,1371.8706,1366.4891,1354.6058,1469.7965,1350.6036
1477.452,1372.955,1366.9977,1353.586,1469.8246,1348.0895
1823.482,1373.8005,1367.2194,1353.48,1469.5498,1345.1959
1641.14,1375.0486,1369.0256,1354.6329,1472.4142,1346.9143
1644.334,1376.8584,1370.8169,1355.6537,1475.9491,1348.7781
1363.26,1378.0319,1372.3811,1356.9528,1478.8634,1350.7814
2191.232,1379.1047,1374.3268,1357.3547,1481.9058,1352.7297
1375.716,1380.7126,1376.1206,1358.6981,1483.9308,1354.8121
1452.634,1382.6549,1378.0035,1360.2013,1486.5123,1357.2521
1440.092,1384.1575,1379.8718,1361.4407,1489.5592,1359.3711
1534.6,1385.3442,1381.5852,1362.7762,1492.2438,1361.7653
1890.472,1387.3317,1383.5676,1363.983,1495.1608,1364.1371
1842.114,1388.8712,1385.3345,1365.1675,1497.9331,1366.6384
2462.446,1390.1431,1387.0657,1366.6415,1500.7031,1368.6619
2141.012,1391.5065,1388.9779,1367.7281,1503.5876,1371.0527
1598.624,1394.0066,1390.9695,1369.213,1506.8927,1373.5182
1501.538,1394.7263,1392.501,1369.9694,1510.6176,1375.4325
1216.062,1395.6648,1394.1177,1371.1447,1514.3984,1377.4724
1564.524,1396.921,1395.7799,1372.3243,1518.4235,1379.7096
2042.81,1397.8677,1397.2047,1373.9132,1521.7991,1382.1217
1512.266,1401.4653,1397.322,1381.9462,1525.1221,1385.5813
1286.468,1404.0897,1397.4447,1380.77,1526.907,1386.8076
1486.51,1406.772,1397.6315,1378.0872,1529.2922,1388.1946
1894.598,1409.3605,1397.7378,1377.3208,1532.1993,1389.1831
1496.198,1412.0854,1397.5868,1379.4565,1535.379,1391.6671
1141.46,1413.9375,1397.6268,1375.2144,1538.3706,1392.6174
1194.048,1415.3335,1397.2197,1373.6339,1541.4374,1394.1309
2022.284,1415.8854,1396.8036,1369.185,1544.1259,1395.4039
1781.626,1416.4,1396.5413,1369.4608,1546.6705,1397.4176
1351.628,1416.398,1396.3713,1367.9529,1549.5308,1399.154
1706.386,1416.4463,1395.865,1367.8036,1552.7961,1401.1567
1664.68,1415.2493,1395.0631,1367.6805,1555.5134,1403.14
1834.762,1414.1217,1394.418,1367.741,1558.5675,1405.0581
1512.802,1412.2129,1393.4941,1367.0225,1561.3728,1406.8217
1393.91,1411.051,1392.8135,1370.66,1563.7769,1409.8866
1608.878,1409.5243,1391.9438,1374.4225,1566.3243,1413.0016
1667.882,1408.3784,1391.0541,1378.8967,1569.3298,1416.0897
1731.474,1405.8868,1390.1,1383.7069,1572.0555,1418.2507
1349.902,1402.5743,1389.1082,1387.7747,1574.3289,1420.0542
1012.648,1399.5776,1388.0587,1391.4001,1576.6044,1421.8417
1857.156,1395.5754,1386.5258,1394.5085,1578.5834,1423.2693
1261.352,1392.0999,1384.6901,1398.2609,1580.9343,1425.1873
1966.552,1388.3182,1383.0778,1401.8882,1583.3889,1427.0802
1517.176,1382.7963,1381.1156,1405.2513,1585.8915,1428.618
1625.956,1378.142,1379.0149,1408.8519,1588.8528,1430.4791
1246.398,1373.3055,1375.6549,1412.328,1591.3857,1431.8536
1606.984,1367.4705,1371.9191,1415.0182,1594.0859,1433.2494
1422.226,1362.3024,1368.1373,1417.8789,1596.8696,1434.4836
2007.378,1355.2109,1364.2129,1419.6538,1599.6097,1435.8364
1543.764,1349.7555,1360.245,1422.8062,1602.5245,1437.2853
1209.906,1344.3386,1356.3087,1425.5663,1605.5358,1438.5757
1617.344,1338.2344,1352.5176,1427.2281,1608.5485,1439.8762
1307.162,1331.9208,1349.8005,1430.5328,1611.916,1442.2417
1575.15,1325.3943,1347.1002,1432.0354,1615.2828,1444.3502
1074.806,1319.0607,1344.2631,1433.9208,1618.4564,1445.9532
1530.598,1311.3833,1341.5841,1433.5189,1622.7092,1446.4811
1287.786,1304.7233,1337.2955,1432.8368,1624.4493,1446.292
1354.096,1298.9512,1331.9828,1435.142,1626.6222,1444.5569
1337.674,1293.7676,1326.6805,1436.6659,1629.2736,1442.6078
1544.292,1288.2417,1321.4187,1438.124,1631.7645,1440.5842
1179.736,1283.3433,1316.2201,1439.2343,1634.4148,1438.7072
1242.846,1277.8594,1310.7646,1440.1178,1637.0188,1436.8945
1659.106,1272.3342,1304.9608,1440.6554,1639.702,1435.0494
956.89,1264.1799,1297.9596,1440.9994,1641.8436,1433.2959
1443.26,1256.1101,1290.9746,1441.3704,1644.3416,1431.6307
1090.638,1248.5204,1283.7792,1441.0708,1646.4,1429.9854
1356.578,1240.7838,1276.1459,1440.7871,1648.9543,1427.9773
1035.66,1233.3518,1268.6378,1439.9142,1651.5016,1426.0768
1230.36,1225.7471,1260.8663,1441.1031,1654.026,1424.4841
1475.45,1217.0675,1252.7981,1442.9067,1656.2336,1422.7577
1207.392,1210.434,1245.0566,1445.1393,1657.5583,1421.471
1178.776,1204.8424,1237.1658,1447.6519,1658.9391,1420.1329
1332.85,1199.283,1229.1577,1449.4054,1659.9822,1418.8142
1602.996,1193.9606,1221.912,1448.8373,1661.0219,1418.9491
1300.65,1189.8334,1214.9631,1447.6031,1662.1805,1418.9198
1101.732,1185.6852,1208.3444,1446.6552,1663.8352,1419.1997
14.218,1181.733,1201.6846,1445.5409,1665.0613,1419.4274
0.0,1180.1948,1196.3387,1443.3192,1666.5891,1422.701
771.908,1181.7078,1191.5775,1441.438,1667.459,1423.6455
1508.792,1185.26,1186.9822,1439.7449,1670.2828,1423.8295
988.016,1189.26,1183.1211,1437.8763,1673.8549,1424.4882
1165.7,1194.9952,1179.4254,1436.246,1677.6641,1425.6306
1086.866,1201.9329,1175.8119,1434.1111,1681.3083,1426.4708
1107.1,1209.5127,1172.1107,1432.4972,1685.0828,1427.496
855.142,1215.861,1168.958,1430.4457,1688.3616,1427.3604
1094.098,1222.7156,1165.7877,1428.464,1691.046,1427.6074
1039.214,1229.811,1162.8817,1426.2848,1693.5782,1427.3875
1534.874,1236.7671,1160.0553,1424.0579,1695.9946,1427.0438
771.362,1243.5123,1157.6029,1421.5897,1698.5614,1426.7333
1277.322,1250.7045,1155.0049,1419.1307,1698.404,1424.9872
1709.052,1258.6581,1152.143,1415.4451,1698.9506,1424.0391
1059.394,1268.9742,1150.9802,1414.0862,1698.7714,1426.5392
1010.134,1279.8824,1149.7369,1413.8303,1699.1646,1429.8494
1192.446,1289.5021,1148.6309,1413.301,1699.0465,1433.0132
1218.342,1300.4164,1147.5902,1412.8458,1698.8726,1436.2871
1242.578,1310.9685,1146.7,1412.5203,1698.8536,1439.8445
864.148,1322.9437,1145.7997,1411.5264,1699.18,1443.8345
1238.568,1332.1681,1145.134,1411.4121,1698.0604,1446.137
1410.736,1343.3724,1144.7086,1411.7378,1698.2122,1449.8021
954.26,1355.4232,1144.4528,1412.0844,1697.7493,1454.1044
1110.136,1366.9226,1144.1971,1412.431,1696.4875,1457.4268
1234.4,1377.7645,1144.1473,1412.556,1695.4094,1460.2667
846.252,1388.9012,1144.1971,1412.9768,1693.4358,1462.7874
1187.118,1400.7222,1144.0502,1412.8252,1692.4198,1466.0945
993.968,1412.9631,1144.0957,1413.0288,1690.3042,1468.7612
513.478,1423.9938,1145.8076,1413.3202,1687.4774,1471.4662
496.746,1433.4512,1146.8237,1413.2559,1682.1847,1472.9222
911.43,1442.6903,1147.851,1412.8663,1676.9075,1474.5299
718.074,1452.6768,1149.1135,1412.8806,1672.3881,1476.3652
599.554,1462.1644,1150.4431,1412.512,1667.3079,1478.0066
731.808,1467.554,1153.4911,1398.9376,1656.6483,1475.0255
966.41,1472.1573,1157.0168,1389.6411,1647.863,1473.8191
1203.644,1478.449,1160.71,1381.6589,1640.3763,1472.711
662.486,1485.9794,1164.9219,1371.1289,1632.8812,1471.2064
813.7620000000001,1495.2463,1166.821,1363.0513,1629.0679,1469.4071
739.532,1504.3993,1167.9487,1360.9165,1626.0098,1468.5764
1030.0,1514.7228,1169.7236,1357.6918,1623.2994,1468.056
561.738,1524.3977,1171.4937,1356.7943,1620.1332,1467.664
536.688,1533.778,1173.9459,1349.4745,1615.7491,1467.221
543.016,1542.1251,1176.4569,1343.9105,1611.509,1467.3319
688.566,1550.3806,1179.0164,1337.2349,1606.6381,1466.7234
902.85,1558.801,1181.4589,1331.0963,1601.6765,1466.2323
902.0,1569.6287,1183.6432,1326.6112,1597.1705,1464.7007
792.326,1580.325,1185.7454,1323.0234,1592.5493,1464.6218
975.83,1590.1436,1185.85,1326.6736,1588.2903,1461.548
706.966,1598.1504,1185.6927,1330.3295,1583.6295,1457.794
489.724,1606.5887,1185.2766,1332.8823,1578.417,1454.2617
500.298,1614.5527,1184.7098,1334.1025,1571.7908,1449.887
508.892,1622.3134,1183.908,1336.7421,1565.6344,1446.866
518.652,1628.4833,1183.0771,1340.5087,1559.5677,1443.7711
532.672,1633.7964,1181.8284,1344.8506,1553.717,1440.94
539.296,1638.8455,1180.4706,1349.1581,1547.7478,1437.646
526.472,1643.322,1179.017,1353.5092,1541.7217,1434.3376
998.234,1647.5021,1178.7983,1357.9685,1541.7131,1432.3949
1069.358,1650.7439,1177.5419,1364.9169,1541.8751,1430.7252
950.954,1653.6661,1177.4993,1370.592,1543.1738,1430.6853
824.436,1656.0269,1177.1495,1376.6427,1545.115,1430.4476
606.842,1658.0481,1176.995,1382.4872,1547.4025,1430.3292
748.676,1652.3906,1176.3538,1386.6083,1548.9391,1427.673
1514.062,1648.8857,1177.5001,1387.3795,1548.8397,1424.5636
1217.712,1646.4725,1178.7849,1388.1257,1548.7892,1422.2334
785.908,1643.7324,1179.4797,1390.0348,1549.4951,1420.7537
1080.598,1638.1521,1179.9087,1392.0631,1551.5986,1416.6027
880.742,1631.5005,1179.7549,1395.8658,1553.9071,1412.8457
775.722,1624.8911,1179.4622,1399.4119,1556.2423,1408.9109
1161.746,1618.3967,1174.2858,1406.6958,1557.5308,1403.1213
1548.738,1612.8436,1170.1908,1413.8469,1564.5509,1397.5436
1066.708,1607.7964,1165.8694,1416.7924,1565.3977,1390.634
1252.254,1603.2745,1161.3201,1420.8307,1567.4922,1384.4207
943.61,1598.2871,1156.6223,1425.1329,1570.0038,1378.3253
1136.546,1593.1111,1151.7959,1429.241,1572.269,1371.9146
749.466,1587.0182,1145.5812,1433.8422,1575.9132,1365.5641
1118.842,1581.346,1139.4277,1438.526,1579.8849,1359.5133
1388.414,1578.1611,1136.3108,1443.3501,1584.7582,1353.7618
1668.342,1575.6808,1133.0134,1448.0497,1590.0272,1348.1768
1265.522,1572.8212,1131.135,1453.5681,1596.445,1343.0579
980.536,1570.6378,1129.105,1458.2065,1602.1879,1337.7367
1222.814,1568.2174,1126.6692,1463.616,1609.2915,1332.3983
1251.188,1565.5448,1123.5109,1464.484,1616.2681,1327.1636
1024.388,1561.2129,1121.2203,1466.2739,1624.5764,1322.7837
1513.866,1557.0435,1119.358,1467.7195,1630.9934,1319.0864
1228.63,1552.479,1117.5061,1468.7357,1637.5519,1315.2896
1221.458,1548.8634,1115.6786,1469.8767,1644.7109,1311.6476
1086.254,1544.8848,1115.3506,1467.0453,1651.9009,1307.0781
1521.344,1540.4623,1116.2728,1463.7507,1659.3076,1304.2411
1112.354,1537.1102,1117.4258,1460.5212,1666.7811,1301.8461
1214.146,1533.4497,1118.6777,1457.3646,1674.9382,1299.9407
2064.358,1531.3956,1119.1656,1455.7087,1680.9545,1295.8594
1570.302,1526.3134,1122.591,1456.1516,1673.1333,1297.1283
1574.858,1521.391,1126.7557,1457.2032,1664.2689,1298.8989
1456.806,1517.2255,1132.087,1458.3282,1661.7349,1300.7705
1743.162,1513.0679,1137.5497,1459.4852,1659.0067,1302.7905
1223.426,1509.0016,1143.3815,1460.509,1656.7697,1304.6615
1374.032,1504.91,1149.3091,1461.6266,1654.1105,1306.7955
2135.71,1501.7847,1155.5192,1462.8557,1652.9507,1310.5579
2035.328,1500.2736,1162.1691,1467.5837,1650.8868,1317.2601
1417.868,1498.2501,1169.2408,1472.9629,1648.1615,1324.0264
1246.536,1496.7076,1176.6724,1478.7947,1646.9059,1330.824
1636.61,1495.562,1184.3228,1485.5024,1646.1825,1337.479
1426.258,1495.005,1192.3174,1493.1552,1646.4734,1344.4763
1161.016,1494.8191,1200.761,1500.9976,1645.7985,1351.2681
1556.254,1493.7562,1208.9142,1508.5831,1645.2931,1357.7843
1410.472,1491.5157,1217.1062,1513.6783,1641.4668,1364.6721
1299.456,1490.1188,1225.5544,1517.895,1639.3013,1372.1962
1146.398,1489.2583,1234.1512,1525.6792,1639.088,1379.364
1772.736,1487.8622,1242.769,1533.5651,1639.73,1386.959
1287.252,1487.4918,1250.2499,1536.6204,1641.2546,1393.873
1152.668,1489.0629,1257.7859,1539.6908,1644.8665,1404.3337
1716.74,1488.0033,1265.6046,1542.4788,1647.6942,1413.8169
1621.106,1484.7738,1273.0143,1545.2734,1650.6283,1422.6387
1275.522,1485.1492,1281.096,1548.2454,1654.8733,1432.2324
1428.448,1485.8824,1289.2803,1550.9939,1659.4095,1443.6292
1821.834,1486.5122,1297.6943,1553.8202,1664.3021,1455.0804
1577.166,1486.9901,1306.5695,1558.4946,1670.3739,1465.514
1351.862,1487.2222,1315.4412,1562.6722,1676.9095,1476.2456
2012.756,1488.1771,1323.6792,1566.7012,1684.4465,1486.9376
1938.284,1490.9535,1331.9117,1571.7019,1693.6237,1498.6682
1351.604,1493.5939,1340.5348,1570.9292,1702.7595,1512.3453
1449.1,1495.484,1349.2667,1571.6708,1711.731,1525.8772
1711.224,1498.363,1358.2417,1572.7285,1721.8536,1539.2297
1489.976,1502.4264,1367.0427,1573.479,1732.5597,1553.5978
1516.86,1506.6953,1375.8181,1574.2177,1743.7253,1567.6255
2742.08,1509.2068,1384.7369,1574.8718,1754.4379,1580.6045
1556.164,1512.3878,1392.7468,1571.9956,1761.4575,1592.3322
1369.108,1512.3026,1401.849,1565.731,1757.0691,1601.9218
1722.808,1512.3381,1411.186,1559.1473,1753.1443,1611.3339
1969.506,1512.6625,1420.7103,1551.7302,1749.1858,1619.5776
1399.71,1513.94,1430.4001,1544.6604,1745.5422,1628.3134
1757.45,1515.0062,1440.549,1538.3124,1742.805,1637.454
2614.408,1516.648,1450.6671,1532.1849,1740.841,1646.385
2406.536,1512.1522,1463.669,1526.3043,1740.1904,1651.55
1112.344,1507.7686,1477.18,1519.4335,1739.8442,1656.3784
1116.756,1501.0514,1488.4851,1511.02,1738.319,1659.2549
1268.708,1494.454,1499.9503,1502.7327,1736.7507,1660.9442
1981.44,1488.5419,1511.5007,1494.0427,1735.1594,1661.6859
1493.358,1482.868,1525.121,1486.9542,1739.0634,1666.2565
1875.942,1477.1378,1538.7709,1481.0604,1743.7788,1671.347
1843.168,1471.3453,1552.6241,1475.5773,1749.9597,1676.5927
1504.226,1465.9596,1566.5422,1470.1134,1757.2565,1681.6321
2266.688,1460.8938,1580.5825,1464.8054,1765.0974,1686.3448
1801.8,1456.3951,1594.409,1461.048,1772.8196,1691.2875
1560.466,1452.4642,1608.4047,1455.8888,1780.7693,1696.1317
1390.45,1448.9827,1622.4773,1451.048,1789.3181,1701.1847
1557.176,1437.5647,1632.1288,1446.1704,1798.7069,1701.9623
2508.002,1426.3303,1642.4559,1439.4425,1808.645,1701.3561
1404.752,1417.6687,1653.2943,1432.0413,1819.2394,1699.9128
1606.184,1408.5483,1664.1694,1425.0581,1829.9397,1698.1073
2040.48,1399.5464,1675.239,1418.5645,1840.7402,1696.4545
1463.066,1402.314,1684.621,1415.8162,1851.8553,1695.7865
1532.926,1404.7809,1694.1575,1413.7826,1864.6204,1694.3215
2560.456,1405.794,1704.3544,1412.0471,1878.1344,1691.3348
1967.308,1406.865,1715.1514,1410.0848,1891.667,1688.9042
1514.468,1409.4214,1726.1818,1407.755,1905.8121,1687.7255
1708.294,1412.7694,1737.8799,1405.569,1919.6198,1686.2035
2639.174,1415.7312,1750.1278,1402.8262,1933.6069,1685.9971
1474.848,1415.715,1759.1061,1398.8694,1937.3502,1682.4338
1961.016,1415.1686,1767.5251,1395.6609,1940.6826,1677.7262
2496.856,1415.3561,1776.1907,1392.7454,1943.7648,1673.0547
2450.976,1415.9829,1785.6927,1390.3219,1946.4293,1668.905
1471.122,1417.7231,1796.1495,1388.3325,1948.961,1664.9478
2128.856,1419.2164,1805.9785,1386.5779,1952.1694,1661.5476
1980.13,1421.2844,1816.6912,1384.6743,1955.8547,1657.9786
1599.626,1422.9644,1825.5197,1383.3741,1957.4156,1654.6204
1380.026,1424.9208,1834.8652,1382.3655,1958.2991,1651.0995
1858.95,1426.7721,1844.0848,1381.7292,1958.9822,1647.7024
1650.962,1429.2952,1854.0365,1381.7704,1959.262,1643.9178
1745.19,1431.9517,1864.0908,1380.3975,1959.8799,1640.8472
1756.378,1435.0311,1874.2571,1378.8934,1959.9425,1638.1678
2345.668,1438.3998,1884.8593,1378.8198,1960.4099,1636.1229
1479.688,1442.3683,1895.8601,1378.8966,1961.1017,1633.6245
1711.294,1446.3971,1906.6381,1378.9161,1960.8463,1632.0034
2351.762,1450.6212,1918.3162,1381.8607,1961.2632,1630.2886
2378.288,1455.4777,1930.3984,1386.2827,1961.6744,1629.678
1742.638,1460.4197,1942.6152,1391.1204,1962.2784,1629.5165
2006.884,1465.8597,1955.824,1393.8499,1963.0356,1628.4926
1802.356,1471.6804,1968.8286,1396.8907,1963.465,1627.7866
2054.286,1477.7377,1981.9148,1400.1284,1963.2192,1627.2456
1784.462,1483.819,1994.0378,1404.2384,1962.2335,1626.5671
1816.38,1489.6193,1999.5632,1401.0837,1954.2126,1632.7198
2138.814,1495.0337,2004.532,1397.5068,1945.483,1637.5795
1794.862,1500.0714,2008.6486,1394.9728,1937.7856,1642.8313
1940.116,1504.7825,2012.137,1392.376,1929.6854,1648.3923
1394.874,1509.7856,2015.2804,1389.7083,1921.4448,1654.4277
1717.182,1514.838,2017.2479,1386.0608,1912.3424,1660.0618
1744.706,1520.6948,2019.1879,1384.358,1903.7974,1666.7834
2204.334,1525.644,2017.6892,1388.2625,1892.7755,1667.8895
1144.166,1532.2484,2017.0314,1392.2375,1880.3527,1671.9133
2034.966,1538.2706,2014.4264,1393.9158,1868.2997,1675.6333
1888.022,1545.019,2012.896,1398.4862,1857.0033,1680.356
1455.2,1551.9618,2010.3815,1402.3234,1845.6719,1684.7611
2905.894,1558.7552,2007.0576,1404.2883,1833.9218,1689.2352
2127.648,1566.5321,2005.4788,1407.3567,1822.6476,1694.7299
2183.618,1575.4078,2002.5585,1414.259,1808.3523,1700.8488
2195.452,1584.1958,1998.6797,1421.6643,1794.1525,1707.2426
2094.098,1591.6552,1994.7216,1425.1279,1782.4539,1714.0887
2047.968,1599.6323,1989.6741,1428.4514,1770.5636,1720.6677
2451.11,1604.4319,1978.7463,1436.4164,1757.1357,1731.2078
2211.892,1610.3704,1967.7991,1444.673,1744.0518,1739.3165
1224.252,1615.815,1957.1324,1454.6472,1730.8783,1747.017
1308.836,1622.7208,1945.9935,1464.7307,1717.3087,1755.02
2083.454,1627.4199,1934.1477,1474.445,1703.6354,1762.6665
1604.132,1632.4835,1922.1266,1484.1068,1690.3824,1769.1489
2219.78,1637.3179,1909.5906,1494.4951,1677.246,1775.3594
1777.18,1643.3269,1896.7566,1503.6975,1664.412,1780.5374
1769.442,1648.7611,1883.8885,1513.6024,1651.6837,1784.7123
1797.208,1654.3259,1870.0854,1522.9639,1639.3136,1789.0215
2336.9,1660.3248,1856.2014,1531.9474,1626.9298,1792.8451
2508.466,1665.1052,1841.1908,1531.4626,1614.3713,1791.4703
1518.684,1670.5026,1826.106,1530.7698,1602.203,1790.8052
1282.538,1675.1323,1810.8373,1530.6583,1590.6023,1789.2213
0.0,1680.924,1795.9922,1527.9358,1580.7823,1785.1648
618.488,1689.4349,1783.2108,1523.2655,1574.4885,1783.5669
2196.76,1698.6542,1770.8217,1519.3047,1570.2639,1781.1558
2150.112,1703.7318,1756.4158,1515.0934,1565.6007,1783.4863
1906.556,1708.3079,1741.792,1511.1859,1561.4725,1783.782
1881.098,1712.4608,1726.7927,1507.6064,1557.7709,1783.2372
2433.508,1715.9263,1711.9141,1503.9978,1554.517,1781.5946
2351.728,1718.9818,1697.0951,1500.317,1551.4983,1779.721
2137.856,1721.8048,1682.0363,1496.7467,1549.291,1776.395
1790.626,1723.966,1666.8293,1493.6583,1547.1816,1772.2745
2608.51,1727.7118,1653.4257,1490.9875,1545.6068,1776.5663
2269.42,1731.1217,1640.5177,1491.1484,1544.3564,1780.7589
1930.51,1733.8939,1627.8553,1491.4263,1543.6342,1785.4882
2067.564,1737.826,1614.8138,1492.5092,1543.1196,1790.7643
2760.902,1740.2014,1601.856,1493.6156,1543.0347,1795.5896
2110.234,1741.8342,1592.2415,1503.1156,1545.7931,1789.4535
2092.99,1742.7327,1582.222,1513.2073,1548.8878,1782.6213
2842.728,1743.5173,1572.0571,1523.0079,1552.1472,1775.3844
1799.196,1743.8054,1562.1473,1533.1788,1555.4987,1767.6017
1693.778,1743.8003,1551.8986,1542.7898,1559.2006,1759.2766
2157.432,1743.3186,1540.9995,1547.645,1562.4622,1750.3406
2903.014,1742.4244,1530.1299,1555.2526,1566.0491,1740.6201
2316.27,1741.2466,1520.0587,1561.6014,1569.685,1732.0066
2098.892,1737.16,1512.8427,1558.3615,1574.285,1728.9075
2712.986,1733.6335,1505.4528,1555.4454,1579.2882,1725.5406
1625.708,1729.5057,1497.9293,1552.2804,1584.4452,1721.5632
2582.238,1725.2174,1490.5646,1549.4403,1589.5056,1717.2306
2420.932,1721.0333,1483.1974,1546.5641,1594.8972,1712.4097
1944.542,1718.75,1476.1991,1554.7003,1598.3593,1708.37
1369.768,1716.0406,1469.0057,1563.1921,1602.0281,1703.85
1892.998,1713.3995,1461.6648,1571.9281,1605.7,1698.7755
2351.556,1711.1765,1454.179,1580.8757,1609.3638,1693.4186
1686.698,1710.2526,1446.8309,1589.7743,1612.9569,1687.1031
2097.132,1708.6738,1439.3114,1598.9404,1616.9161,1680.9004
1797.756,1708.0522,1431.8217,1608.3667,1620.889,1674.2316
2054.56,1701.6339,1426.5714,1607.6796,1627.4779,1670.9436
1761.156,1697.075,1421.4725,1607.681,1633.6188,1667.2697
1953.572,1693.8087,1416.4166,1608.6785,1640.945,1663.3307
1983.728,1690.493,1411.175,1610.5444,1648.356,1659.5858
2740.314,1686.1012,1406.4109,1612.635,1655.7028,1655.8359
1474.036,1681.4736,1401.768,1615.5256,1661.6102,1651.4207
1461.28,1677.5432,1397.1549,1619.8009,1668.4917,1646.5729
1914.278,1672.9491,1392.4674,1624.9452,1673.1846,1641.5978
1880.204,1667.8013,1387.7017,1630.6068,1677.5593,1636.9283
2120.156,1663.1155,1383.1909,1635.7592,1681.8141,1632.2361
1765.056,1657.8488,1378.5172,1640.8474,1686.3951,1627.7899
711.666,1652.7192,1373.826,1647.5337,1690.6979,1622.6627
1298.728,1647.8623,1369.0996,1653.9783,1694.5842,1617.0082
766.9060000000001,1643.4526,1364.4568,1659.1239,1699.2281,1612.0361
935.834,1638.7871,1359.7784,1663.356,1704.7,1605.825
682.88,1633.947,1355.0116,1668.6405,1709.7277,1599.4974
1133.726,1629.3231,1350.223,1668.9319,1715.2788,1593.0978
794.712,1625.5667,1345.4554,1667.9507,1721.5938,1587.3824
1372.472,1621.8475,1340.7487,1665.9374,1727.9082,1581.0826
2557.098,1618.9137,1337.2616,1668.3684,1736.2385,1575.7982
1760.112,1615.8003,1333.9028,1670.4873,1744.4133,1570.553
1822.632,1613.2246,1330.5789,1672.0814,1753.1428,1565.4148
1951.09,1610.407,1327.0842,1674.303,1762.1775,1560.629
1645.424,1608.2538,1324.913,1676.1035,1771.2517,1556.284
2383.01,1606.3606,1322.8271,1677.1888,1779.5536,1551.783
1566.714,1604.6633,1320.338,1678.0049,1787.946,1547.6403
1791.85,1603.4573,1318.2552,1678.9613,1796.2892,1543.9178
1542.65,1602.7118,1316.2421,1679.3527,1803.8524,1540.3552
2009.13,1602.3541,1314.974,1682.3281,1813.2003,1537.3502
1562.682,1602.1896,1313.358,1682.9354,1820.1257,1534.3186
1663.384,1602.43,1311.6134,1683.1952,1827.3085,1531.7936
131.732,1602.7931,1309.4302,1682.8285,1834.0626,1529.4692
917.282,1600.7991,1307.95,1685.2167,1837.636,1525.2335
1618.59,1600.2637,1305.6514,1684.2664,1842.8599,1522.4158
1822.162,1600.8535,1304.0072,1683.9116,1848.1315,1521.0323
1994.752,1601.797,1302.841,1685.8795,1855.6708,1520.4786
1679.884,1602.4865,1301.0552,1686.4791,1861.6173,1519.5493
1651.284,1604.2986,1300.0311,1687.9165,1868.7567,1519.2656
1847.97,1606.0908,1299.1289,1688.5408,1874.7076,1519.2269
1798.214,1608.2651,1297.4188,1688.0906,1879.8136,1519.6317
1622.738,1610.5461,1295.8523,1687.9094,1885.114,1519.947
1906.454,1612.324,1296.2958,1687.0885,1889.0361,1520.7847
1923.802,1614.2988,1296.6947,1686.991,1893.9391,1522.7559
1687.44,1616.5212,1298.0837,1685.4042,1898.0814,1524.6561
1648.622,1619.05,1299.5986,1684.5872,1902.1917,1526.8807
1805.278,1622.3356,1300.988,1683.8458,1906.3853,1529.8381
1690.388,1624.9028,1302.2749,1682.8594,1910.0399,1532.3499
1118.82,1628.4839,1303.7548,1682.0115,1913.9758,1535.6229
1825.852,1631.5941,1305.0819,1681.0172,1917.1259,1538.6537
1596.982,1635.6584,1306.4585,1680.3915,1921.6366,1542.7349
1649.22,1639.141,1307.7393,1679.3643,1924.9371,1546.2651
1233.35,1643.3646,1308.9241,1678.4539,1928.7458,1549.9728
1190.208,1645.1516,1309.6216,1677.27,1930.9152,1552.6486
1602.81,1648.0485,1310.6528,1675.884,1935.609,1555.3538
1439.426,1650.8835,1311.7772,1675.3914,1941.044,1558.7526
1512.704,1655.2598,1313.0735,1680.1897,1949.327,1561.7108
1660.364,1656.115,1317.1232,1681.9211,1951.3196,1566.5978
1872.178,1657.0525,1321.6165,1683.4584,1952.4161,1572.4409
1562.062,1658.0042,1325.8596,1684.5875,1953.4833,1577.8091
1557.712,1658.3273,1329.7902,1685.5308,1954.0533,1583.0177
1476.106,1658.8022,1334.0951,1686.5033,1954.7474,1588.3562
1708.594,1659.6097,1338.2701,1687.614,1955.4161,1593.7388
1833.628,1659.8302,1342.4423,1688.7036,1956.0681,1599.0308
1579.914,1660.8302,1346.5724,1690.1014,1957.0178,1604.6665
1460.904,1662.3018,1350.7794,1691.4927,1958.169,1610.2023
1180.536,1663.1147,1355.047,1692.7928,1958.887,1615.8157
1518.418,1663.3118,1358.8499,1693.4047,1958.9778,1620.641
1542.742,1662.9219,1362.5736,1694.8295,1959.5999,1626.0736
1082.716,1664.3953,1366.7805,1696.419,1960.998,1631.8071
1250.94,1664.3776,1370.4417,1697.5198,1961.4318,1636.904
867.858,1665.4078,1374.2373,1699.0457,1959.2064,1642.2562
1103.724,1665.0378,1377.6516,1698.9835,1954.9144,1646.3375
1118.628,1665.546,1381.2843,1699.9951,1950.9578,1651.0464
1320.158,1664.4551,1384.3344,1699.4833,1946.7246,1654.7139
2187.91,1663.021,1387.6978,1699.377,1942.7784,1658.1044
1411.302,1664.8153,1388.8456,1700.2589,1939.4917,1661.1814
1516.96,1667.1492,1389.6453,1701.1555,1935.5653,1664.2255
1805.308,1669.3198,1389.4269,1699.7943,1932.2106,1669.2177
1299.25,1671.4409,1389.2063,1698.453,1928.7528,1674.5236
1644.004,1673.507,1388.7609,1696.7072,1924.7463,1679.2262
1533.422,1674.0344,1386.958,1695.3572,1921.1344,1684.2053
1566.51,1673.4329,1384.2792,1693.0825,1916.7595,1689.012
1467.892,1675.2405,1383.8767,1693.1526,1915.6165,1694.7434
1571.368,1678.8936,1383.806,1694.8923,1914.0894,1700.6525
2035.418,1682.6483,1383.8877,1696.9038,1912.7203,1706.7863
1552.496,1686.7045,1384.1119,1698.8738,1911.1008,1713.2869
1722.146,1690.6266,1384.2339,1700.9152,1909.6212,1719.606
1944.772,1694.606,1384.236,1702.8562,1907.9764,1726.0819
2100.426,1698.3804,1384.562,1705.1406,1906.6033,1732.1941
1628.182,1702.3422,1385.0343,1707.2408,1905.284,1738.2397
1421.184,1706.2778,1385.0831,1709.1993,1904.8568,1744.2793
1426.752,1710.3137,1385.3517,1711.236,1904.6373,1750.3655
1153.898,1714.1987,1385.7186,1713.3207,1904.2163,1756.1115
1294.396,1717.8157,1385.7003,1714.7931,1903.1531,1761.3854
2095.772,1721.4978,1386.3462,1716.6919,1902.4828,1766.615
1487.556,1725.4012,1387.9178,1719.3392,1906.2672,1772.3568
1341.332,1729.4109,1389.6909,1721.979,1909.9326,1777.944
1198.626,1733.6509,1391.2827,1724.6356,1913.4707,1783.4495
1387.884,1737.4594,1392.5653,1726.9757,1917.2357,1788.1587
1323.342,1741.6606,1394.1915,1729.7478,1920.8782,1792.9646
1398.164,1745.5533,1395.3918,1731.4623,1924.4794,1797.4366
2049.808,1749.0205,1396.9822,1733.2347,1927.9674,1801.9849
1665.7,1752.5065,1398.807,1735.387,1931.648,1807.153
1340.462,1756.0641,1400.9092,1737.2269,1935.0178,1811.4095
1268.964,1759.6451,1402.3761,1739.0259,1938.3757,1816.2224
980.898,1763.0334,1403.8733,1740.8035,1941.8181,1820.618
1394.186,1766.3639,1405.3376,1742.3427,1945.5972,1824.7769
1420.554,1769.0774,1406.426,1743.838,1948.3214,1827.9452
2009.644,1772.1674,1408.4425,1745.9988,1951.7216,1831.9062
1746.792,1775.4253,1407.5619,1747.5173,1953.8182,1833.6864
1012.082,1778.3125,1408.2754,1748.2375,1956.5946,1835.7657
1362.034,1781.8541,1410.7244,1751.5901,1959.5497,1837.9547
1534.682,1785.3821,1413.7522,1755.1619,1962.4199,1840.2389
1215.19,1788.7751,1417.0032,1759.1543,1965.2158,1842.3347
1470.672,1791.9968,1420.3497,1762.9915,1968.1788,1844.6694
1973.108,1794.6677,1423.9412,1766.6592,1970.8096,1847.2189
1674.356,1797.5167,1427.7749,1770.7413,1973.3381,1849.0044
1217.984,1800.1936,1431.8274,1774.8918,1975.7064,1850.8165
1223.966,1803.1138,1435.7545,1778.4297,1978.2019,1852.5251
1768.092,1805.8427,1439.8828,1782.2847,1980.9154,1854.4929
1028.018,1808.4412,1444.4302,1786.4397,1983.5254,1856.0432
1332.316,1810.8481,1448.4563,1789.6525,1985.9474,1857.454
1416.22,1805.3252,1446.5642,1789.5387,1988.2396,1855.3005
1672.55,1799.8046,1444.9833,1788.7467,1988.1796,1853.2057
1660.89,1793.9141,1443.1954,1787.3514,1987.2096,1848.9017
1520.588,1788.1656,1441.1925,1785.9222,1985.1804,1844.6031
1442.064,1782.4004,1438.1194,1785.0988,1985.663,1840.8535
1095.78,1776.4938,1431.9885,1784.2032,1973.8708,1837.5579
1099.438,1770.4689,1425.7981,1783.2561,1962.0514,1834.1545
981.62,1764.4141,1419.6417,1782.2225,1949.7479,1830.2073
1139.964,1758.345,1412.7883,1783.5581,1950.5338,1826.7198
1471.34,1752.2255,1406.0507,1784.5605,1951.0815,1822.2865
1367.296,1747.0131,1398.7463,1785.437,1951.4806,1817.0732
1384.136,1741.733,1391.5822,1786.287,1952.2125,1812.6372
1349.002,1736.608,1385.4443,1787.7797,1952.8083,1808.504
1140.928,1731.942,1379.4547,1789.2426,1953.1685,1804.3451
1120.074,1727.081,1373.9166,1790.6711,1954.331,1801.3495
1538.088,1722.4923,1368.1678,1791.8347,1954.676,1797.4882
1113.99,1718.6134,1362.0414,1793.5654,1954.5369,1794.9519
1005.934,1714.8676,1355.9468,1794.3708,1953.8712,1791.7878
834.788,1711.407,1349.654,1794.7277,1955.1594,1789.6853
1212.652,1707.7106,1343.4281,1794.7828,1955.6538,1787.7562
1083.478,1704.8885,1337.969,1795.675,1956.569,1787.8784
1154.504,1702.284,1332.6753,1796.8553,1953.395,1788.1719
1193.572,1699.289,1327.7375,1796.5411,1951.678,1787.6201
1109.574,1697.1838,1322.804,1796.7526,1947.8472,1787.7109
1382.114,1695.1134,1314.7274,1795.5527,1944.6642,1783.9271
1409.472,1693.4128,1306.6278,1793.6373,1941.4503,1781.4469
1633.162,1692.0717,1298.0131,1792.4757,1936.1394,1779.0139
820.056,1691.0513,1290.0737,1790.8323,1931.2838,1777.2047
806.352,1690.4412,1282.4589,1788.9646,1927.0901,1776.1245
812.038,1689.5916,1275.0251,1786.1653,1923.6309,1775.2814
801.158,1689.2554,1268.0902,1783.5354,1919.3247,1775.2856
855.824,1688.7312,1262.2123,1780.1049,1915.4662,1775.1171
1064.166,1688.8425,1256.4652,1776.7332,1910.694,1775.2166
1164.446,1688.8236,1250.9503,1772.9766,1906.8849,1776.1361
1176.158,1689.3068,1246.0339,1768.801,1901.639,1777.7628
921.668,1689.3325,1241.3209,1764.477,1897.5776,1778.6158
1130.41,1690.1879,1235.857,1759.5815,1891.145,1779.4613
884.15,1690.4976,1230.6537,1754.5837,1886.3907,1781.2847
952.36,1691.7228,1225.2847,1748.8364,1885.9265,1783.2163
862.654,1692.9816,1220.7,1743.894,1886.7808,1786.2931
549.104,1694.7726,1215.1393,1737.5571,1889.5569,1788.8109
551.26,1698.9442,1212.9183,1730.1241,1892.8992,1791.8597
554.616,1703.9573,1209.8243,1722.1969,1896.408,1794.8965
555.664,1710.3759,1211.6892,1709.2766,1894.4905,1799.3325
549.482,1716.6934,1213.719,1696.2347,1893.5066,1803.8906
615.212,1723.4597,1215.3313,1682.6389,1892.3442,1807.3529
543.356,1730.2262,1220.0729,1669.6119,1891.1327,1812.0165
533.476,1736.2401,1221.4417,1655.6771,1890.2655,1815.6193
524.746,1743.3868,1222.2051,1641.475,1888.7069,1818.9113
527.476,1750.6658,1223.5237,1627.6763,1887.4507,1822.1962
528.46,1756.7471,1222.5681,1612.0444,1878.0507,1824.5387
535.064,1762.4918,1221.679,1595.9734,1866.1895,1827.3474
544.758,1767.9778,1220.9497,1579.7676,1854.3243,1830.0717
542.002,1772.7526,1220.3761,1563.8191,1842.4121,1832.5046
529.698,1776.7814,1219.9452,1547.9355,1829.995,1834.6229
534.294,1780.6808,1219.4537,1532.4794,1817.0509,1836.7355
554.27,1783.7578,1218.8628,1517.017,1803.7854,1838.5122
1055.986,1785.4592,1219.2201,1506.0637,1789.9478,1839.9076
1129.73,1787.4226,1227.7156,1494.9906,1775.0658,1842.9185
978.202,1789.6547,1236.179,1484.6378,1761.5022,1846.3236
0.0,1791.0042,1244.9772,1474.13,1747.3303,1849.1748
0.0,1787.1307,1247.8978,1461.5234,1732.4547,1844.7285
0.0,1782.4999,1250.3159,1449.128,1717.6349,1839.9807
0.0,1777.2607,1252.8486,1438.3228,1707.4814,1834.852
93.338,1771.2307,1255.4055,1428.0239,1697.6619,1829.2986
765.658,1764.523,1257.754,1418.4542,1687.6135,1821.9152
722.948,1764.2834,1260.7177,1409.5096,1680.7451,1813.7863
980.408,1762.7682,1263.8718,1400.4982,1674.2146,1805.255
757.252,1760.4238,1267.1389,1392.5254,1665.6243,1795.8212
2030.65,1758.282,1270.702,1384.7119,1658.071,1786.3619
1442.856,1757.2162,1273.1395,1376.3517,1653.0461,1775.6582
1668.48,1754.8223,1275.5164,1368.1381,1648.047,1765.3379
1494.802,1752.0009,1278.6185,1360.5876,1642.9465,1755.0112
1365.106,1749.8116,1281.791,1353.5154,1637.7129,1744.1312
1593.318,1747.4807,1285.2092,1347.0262,1633.1394,1732.8496
1392.492,1744.3684,1289.0903,1340.7908,1628.6908,1720.5732
1346.414,1741.41,1292.2858,1334.8904,1624.1891,1708.3837
1743.84,1736.8923,1296.505,1329.9019,1621.796,1694.6472
1323.018,1729.658,1301.434,1328.2472,1622.7511,1680.2177
1422.876,1722.7142,1303.0548,1325.9064,1621.3293,1664.9927
1451.854,1715.3467,1304.0753,1323.9401,1619.6841,1650.0476
1303.812,1707.9725,1305.0494,1321.9376,1618.4855,1634.5753
1238.714,1701.746,1305.8936,1320.6996,1617.259,1619.4309
1328.108,1694.5272,1306.8177,1319.849,1615.5486,1603.1262
1463.31,1687.6287,1307.571,1318.6808,1614.4045,1587.3849
1612.092,1681.0996,1307.4974,1317.9757,1613.467,1571.6304
1076.32,1675.3385,1307.3987,1318.0442,1612.4253,1555.875
1430.678,1669.5059,1306.7943,1317.838,1611.2559,1540.1497
986.094,1662.7821,1306.2294,1317.098,1610.3237,1523.3956
1339.738,1656.2887,1305.9004,1317.2501,1609.5034,1507.3297
1497.608,1653.3368,1307.5742,1317.099,1620.322,1500.9974
1247.946,1646.1405,1309.2253,1316.7478,1629.9305,1493.4104
919.6,1639.1613,1310.4921,1316.1616,1638.7009,1486.6439
1682.832,1631.76,1311.9111,1315.9551,1648.5624,1480.3586
1111.376,1624.9144,1312.8376,1315.3223,1657.6261,1474.2076
1510.394,1617.2799,1315.9081,1312.6414,1657.6428,1468.9878
1449.862,1611.2739,1319.4845,1309.4948,1657.137,1463.0149
1327.992,1605.715,1323.4963,1306.1497,1656.8895,1457.3594
106.006,1601.2311,1326.628,1305.4482,1664.3207,1453.0641
0.0,1594.0837,1330.6667,1304.689,1667.4337,1448.1387
0.0,1588.3354,1335.6361,1302.919,1664.0835,1443.9043
470.426,1582.6699,1340.3511,1301.3385,1662.4061,1440.1576
1684.426,1579.1311,1342.5272,1301.0444,1659.9047,1435.4136
1248.278,1576.3605,1344.8202,1300.6652,1658.9642,1430.9271
1504.82,1573.9115,1346.9448,1300.3954,1658.5995,1426.6843
1923.254,1571.8668,1348.8442,1299.4662,1657.6403,1422.5082
1830.684,1570.3112,1348.8099,1300.1259,1657.798,1419.8512
1775.96,1569.1735,1348.4799,1301.1654,1659.8639,1416.4987
1854.624,1567.6644,1347.9406,1300.9939,1663.2948,1412.9674
1315.456,1566.2175,1347.1757,1301.9962,1667.8767,1409.5813
1809.954,1565.118,1346.1747,1303.0396,1669.3595,1406.48
1510.456,1564.6476,1345.0936,1303.5863,1668.5558,1403.4304
1611.78,1564.3054,1343.7424,1305.0078,1672.8667,1400.8108
1998.904,1564.514,1342.2296,1305.6886,1672.9403,1397.9629
1622.59,1564.3352,1340.9121,1306.6907,1675.3247,1394.9741
1579.692,1564.1384,1339.3767,1307.8689,1677.5011,1391.9241
2073.886,1564.7322,1337.8104,1307.7618,1676.6687,1389.4158
2135.122,1565.773,1335.9939,1308.269,1675.5145,1387.0596
1596.324,1566.7352,1334.1265,1308.7478,1676.5972,1384.9316
1000.014,1567.2405,1332.2147,1309.178,1680.1663,1384.1011
1047.382,1567.7631,1330.0433,1308.6193,1681.1332,1383.5524
2713.884,1568.1584,1328.1191,1309.1874,1685.7019,1383.1093
1925.978,1568.6597,1323.9397,1314.3677,1687.8737,1382.8655
1727.964,1569.1234,1320.0465,1320.0989,1692.1052,1383.6116
1355.198,1570.3761,1315.6609,1324.5887,1691.069,1384.4983
1668.892,1570.6578,1311.4818,1329.6864,1695.9486,1385.834
2293.236,1571.2053,1306.7802,1333.4844,1697.4479,1387.1302
2390.548,1571.047,1301.9253,1338.0563,1702.4109,1388.5287
1163.292,1571.0559,1296.7279,1342.9675,1705.6625,1389.4641
945.904,1571.206,1291.5376,1347.2878,1706.4988,1391.217
1260.278,1571.692,1285.84,1356.3739,1707.5502,1395.727
1463.326,1571.1283,1279.8184,1366.5978,1706.2902,1394.5095
1204.422,1571.1068,1273.6796,1377.4451,1705.3494,1393.1764
2152.7,1572.2373,1272.6333,1385.9407,1713.6641,1392.4454
1476.43,1573.2834,1270.8862,1394.9924,1722.2854,1391.5188
1383.18,1573.9597,1268.3932,1404.0206,1730.7377,1390.1993
1191.082,1575.4226,1265.4224,1412.6908,1737.1927,1387.9027
1293.298,1576.0369,1261.5697,1421.0256,1745.3373,1386.7811
2555.146,1576.5867,1257.1343,1429.4275,1753.127,1385.3419
1736.088,1571.166,1251.7998,1435.7871,1751.3967,1382.0417
1805.408,1565.8606,1245.8989,1441.7839,1749.7673,1379.5236
1673.816,1560.2396,1239.4634,1447.903,1747.9767,1376.6636
1825.54,1554.483,1232.8354,1453.3021,1745.9031,1373.5404
2022.098,1548.3865,1225.8533,1458.8895,1742.9308,1370.2845
1946.534,1541.9951,1218.638,1464.5612,1739.1072,1367.0869
1773.592,1534.884,1211.3247,1470.5065,1734.447,1363.3295
1836.822,1527.5328,1203.7937,1476.7443,1728.9502,1359.2474
2023.174,1519.3264,1195.9443,1486.2542,1722.5698,1359.1233
2038.392,1514.1266,1186.5059,1496.304,1715.8529,1354.7969
1747.382,1507.9563,1176.002,1506.62,1707.8318,1348.4579
1509.748,1501.8375,1165.4696,1517.034,1700.1702,1341.7908
1582.032,1492.8153,1161.6227,1522.84,1695.0419,1339.8218
1652.152,1483.5361,1157.8073,1528.7932,1691.0115,1339.1329
1570.4,1474.0974,1153.815,1534.9604,1687.6952,1339.685
2197.006,1464.6925,1149.593,1540.9515,1685.2719,1341.547
900.91,1455.3672,1144.448,1547.1896,1684.5413,1342.2776
2041.536,1443.5974,1140.351,1552.7078,1681.7501,1340.0527
1577.536,1432.0721,1136.2739,1558.8073,1679.8495,1337.6545
1796.248,1420.5137,1132.0186,1564.9869,1679.2476,1334.9586
1431.164,1409.4167,1127.8184,1571.2267,1676.7114,1332.0261
1488.104,1399.2604,1121.8839,1574.5148,1671.1624,1328.882
